{"1着":{"イクイノックス":0.3667599252,"ボルドグフーシュ":0.6422685073,"ジェラルディーナ":0.5075016094,"イズジョーノキセキ":0.8100667691,"エフフォーリア":0.7293650798,"ウインマイティー":0.8246951453,"ジャスティンパレス":0.6996409823,"ディープボンド":0.6456247368,"タイトルホルダー":0.7777028892,"ヴェラアズール":0.7205437715,"ボッケリーニ":0.8308476105,"ポタジェ":0.7813836067,"ラストドラフト":0.8924836119,"アリストテレス":0.6163528405,"アカイイト":0.6867463223,"ブレークアップ":0.738913493}}