{"('1着',)":{"('ダイアトニック',)":0.0866752286,"('グレナディアガーズ',)":0.2417481197,"('ラウダシオン',)":0.1426126588,"('バスラットレオン',)":0.3244383539,"('ダイメイフジ',)":0.0697817422,"('ルチェカリーナ',)":0.2710959923,"('ミッキーブリランテ',)":0.0927450017,"('トゥラヴェスーラ',)":0.0701474296,"('ロータスランド',)":0.1087753248,"('エントシャイデン',)":0.0845934257,"('トリプルエース',)":0.206477876,"('カイザーミノル',)":0.0918087224,"('ルプリュフォール',)":0.1904131164,"('オパールシャルム',)":0.12247568,"('メイショウチタン',)":0.0956255201,"('ライトオンキュー',)":0.0666248204,"('キングオブコージ',)":0.1318496009,"('プルパレイ',)":0.1728772901},"('2着',)":{"('ダイアトニック',)":0.1757351227,"('グレナディアガーズ',)":0.1819883301,"('ラウダシオン',)":0.1309050158,"('バスラットレオン',)":0.2222031335,"('ダイメイフジ',)":0.168584585,"('ルチェカリーナ',)":0.1923450764,"('ミッキーブリランテ',)":0.1514007366,"('トゥラヴェスーラ',)":0.0949916218,"('ロータスランド',)":0.1908164361,"('エントシャイデン',)":0.1656655763,"('トリプルエース',)":0.216113933,"('カイザーミノル',)":0.1197758793,"('ルプリュフォール',)":0.1698582267,"('オパールシャルム',)":0.1526336418,"('メイショウチタン',)":0.1284687461,"('ライトオンキュー',)":0.1813432896,"('キングオブコージ',)":0.1369004642,"('プルパレイ',)":0.2084858665},"('3着',)":{"('ダイアトニック',)":0.1482405609,"('グレナディアガーズ',)":0.1770993046,"('ラウダシオン',)":0.1474140492,"('バスラットレオン',)":0.155798781,"('ダイメイフジ',)":0.1312018962,"('ルチェカリーナ',)":0.1941970687,"('ミッキーブリランテ',)":0.1781917489,"('トゥラヴェスーラ',)":0.1308286093,"('ロータスランド',)":0.2242801956,"('エントシャイデン',)":0.1546939092,"('トリプルエース',)":0.1893551698,"('カイザーミノル',)":0.1426015371,"('ルプリュフォール',)":0.1780947826,"('オパールシャルム',)":0.1485295553,"('メイショウチタン',)":0.1708493068,"('ライトオンキュー',)":0.1287729387,"('キングオブコージ',)":0.185499732,"('プルパレイ',)":0.1504400818},"('4着',)":{"('ダイアトニック',)":0.215530097,"('グレナディアガーズ',)":0.1567648537,"('ラウダシオン',)":0.1784149858,"('バスラットレオン',)":0.127740636,"('ダイメイフジ',)":0.153174846,"('ルチェカリーナ',)":0.1518143761,"('ミッキーブリランテ',)":0.1911991241,"('トゥラヴェスーラ',)":0.2214556085,"('ロータスランド',)":0.1746982054,"('エントシャイデン',)":0.1989694035,"('トリプルエース',)":0.1935376308,"('カイザーミノル',)":0.1671315032,"('ルプリュフォール',)":0.1563833033,"('オパールシャルム',)":0.2083380602,"('メイショウチタン',)":0.1993194677,"('ライトオンキュー',)":0.1891313141,"('キングオブコージ',)":0.1969356661,"('プルパレイ',)":0.1609740238},"('5着',)":{"('ダイアトニック',)":0.2192678158,"('グレナディアガーズ',)":0.1419604594,"('ラウダシオン',)":0.1652756574,"('バスラットレオン',)":0.1098894307,"('ダイメイフジ',)":0.1686259791,"('ルチェカリーナ',)":0.1198102195,"('ミッキーブリランテ',)":0.1959313485,"('トゥラヴェスーラ',)":0.2419584887,"('ロータスランド',)":0.1641130048,"('エントシャイデン',)":0.1691267169,"('トリプルエース',)":0.1198322038,"('カイザーミノル',)":0.1851864473,"('ルプリュフォール',)":0.1893675142,"('オパールシャルム',)":0.2047563745,"('メイショウチタン',)":0.1701728487,"('ライトオンキュー',)":0.2010430037,"('キングオブコージ',)":0.1800110323,"('プルパレイ',)":0.1475699737},"('その他',)":{"('ダイアトニック',)":0.154551175,"('グレナディアガーズ',)":0.1004389325,"('ラウダシオン',)":0.2353776329,"('バスラットレオン',)":0.0599296648,"('ダイメイフジ',)":0.3086309516,"('ルチェカリーナ',)":0.070737267,"('ミッキーブリランテ',)":0.1905320401,"('トゥラヴェスーラ',)":0.2406182422,"('ロータスランド',)":0.1373168335,"('エントシャイデン',)":0.2269509684,"('トリプルエース',)":0.0746831866,"('カイザーミノル',)":0.2934959107,"('ルプリュフォール',)":0.1158830567,"('オパールシャルム',)":0.1632666881,"('メイショウチタン',)":0.2355641105,"('ライトオンキュー',)":0.2330846335,"('キングオブコージ',)":0.1688035043,"('プルパレイ',)":0.1596527642}}