{"('1着',)":{"('アカイイト',)":0.1606795662,"('イズジョーノキセキ',)":0.1572053969,"('ボルドグフーシュ',)":0.3187459007,"('アリストテレス',)":0.213555051,"('ジェラルディーナ',)":0.2331548418,"('ヴェラアズール',)":0.1993158781,"('エフフォーリア',)":0.2124254785,"('ウインマイティー',)":0.1128815058,"('イクイノックス',)":0.4363661565,"('ジャスティンパレス',)":0.1956155402,"('ラストドラフト',)":0.1183763542,"('ポタジェ',)":0.1604472933,"('タイトルホルダー',)":0.1988307266,"('ボッケリーニ',)":0.1296213471,"('ブレークアップ',)":0.2228428239,"('ディープボンド',)":0.2745248904},"('2着',)":{"('アカイイト',)":0.1857276448,"('イズジョーノキセキ',)":0.1758931172,"('ボルドグフーシュ',)":0.2104410281,"('アリストテレス',)":0.2105113741,"('ジェラルディーナ',)":0.1848395295,"('ヴェラアズール',)":0.1832023801,"('エフフォーリア',)":0.1838744639,"('ウインマイティー',)":0.21385795,"('イクイノックス',)":0.2219104412,"('ジャスティンパレス',)":0.1608516132,"('ラストドラフト',)":0.1646874762,"('ポタジェ',)":0.2063199756,"('タイトルホルダー',)":0.1668206321,"('ボッケリーニ',)":0.2216455931,"('ブレークアップ',)":0.2664050173,"('ディープボンド',)":0.1979787064},"('3着',)":{"('アカイイト',)":0.1631537566,"('イズジョーノキセキ',)":0.2186121281,"('ボルドグフーシュ',)":0.1732039209,"('アリストテレス',)":0.1687455899,"('ジェラルディーナ',)":0.1871176158,"('ヴェラアズール',)":0.2293762707,"('エフフォーリア',)":0.1794945785,"('ウインマイティー',)":0.1792170232,"('イクイノックス',)":0.1481258417,"('ジャスティンパレス',)":0.1854033769,"('ラストドラフト',)":0.1422105291,"('ポタジェ',)":0.1609826469,"('タイトルホルダー',)":0.181393688,"('ボッケリーニ',)":0.1862472634,"('ブレークアップ',)":0.177909466,"('ディープボンド',)":0.1920183017},"('4着',)":{"('アカイイト',)":0.1803094325,"('イズジョーノキセキ',)":0.1691158175,"('ボルドグフーシュ',)":0.1368699023,"('アリストテレス',)":0.1798614084,"('ジェラルディーナ',)":0.1952764154,"('ヴェラアズール',)":0.1644116076,"('エフフォーリア',)":0.1934510773,"('ウインマイティー',)":0.187222661,"('イクイノックス',)":0.0857262575,"('ジャスティンパレス',)":0.179681029,"('ラストドラフト',)":0.2156561571,"('ポタジェ',)":0.1899461735,"('タイトルホルダー',)":0.1711656646,"('ボッケリーニ',)":0.1779251178,"('ブレークアップ',)":0.1594837098,"('ディープボンド',)":0.1794360951},"('5着',)":{"('アカイイト',)":0.1775552686,"('イズジョーノキセキ',)":0.1988855894,"('ボルドグフーシュ',)":0.121989716,"('アリストテレス',)":0.1706805027,"('ジェラルディーナ',)":0.1421182447,"('ヴェラアズール',)":0.1411795846,"('エフフォーリア',)":0.143692381,"('ウインマイティー',)":0.1886766531,"('イクイノックス',)":0.0859193336,"('ジャスティンパレス',)":0.1903144556,"('ラストドラフト',)":0.2334009842,"('ポタジェ',)":0.1762393291,"('タイトルホルダー',)":0.1780790087,"('ボッケリーニ',)":0.1948507423,"('ブレークアップ',)":0.1276168001,"('ディープボンド',)":0.1055629044},"('その他',)":{"('アカイイト',)":0.1325743312,"('イズジョーノキセキ',)":0.080287951,"('ボルドグフーシュ',)":0.038749532,"('アリストテレス',)":0.0566460739,"('ジェラルディーナ',)":0.0574933528,"('ヴェラアズール',)":0.082514279,"('エフフォーリア',)":0.0870620207,"('ウインマイティー',)":0.1181442068,"('イクイノックス',)":0.0219519694,"('ジャスティンパレス',)":0.0881339851,"('ラストドラフト',)":0.1256684992,"('ポタジェ',)":0.1060645816,"('タイトルホルダー',)":0.1037102801,"('ボッケリーニ',)":0.0897099363,"('ブレークアップ',)":0.0457421829,"('ディープボンド',)":0.0504791019}}