{"('1着',)":{"('アカイイト',)":0.1743682138,"('イズジョーノキセキ',)":0.1824664774,"('ボルドグフーシュ',)":0.2707707467,"('アリストテレス',)":0.2007529474,"('ジェラルディーナ',)":0.2748117727,"('ヴェラアズール',)":0.1939360051,"('エフフォーリア',)":0.2078025636,"('ウインマイティー',)":0.1559732254,"('イクイノックス',)":0.4200852324,"('ジャスティンパレス',)":0.2039151708,"('ラストドラフト',)":0.1130472786,"('ポタジェ',)":0.1700865452,"('タイトルホルダー',)":0.2157513003,"('ボッケリーニ',)":0.1438396115,"('ブレークアップ',)":0.2165826553,"('ディープボンド',)":0.3010330379},"('2着',)":{"('アカイイト',)":0.1716814278,"('イズジョーノキセキ',)":0.175308838,"('ボルドグフーシュ',)":0.2258224175,"('アリストテレス',)":0.1961652166,"('ジェラルディーナ',)":0.1891538996,"('ヴェラアズール',)":0.2285162594,"('エフフォーリア',)":0.1746811988,"('ウインマイティー',)":0.1958487408,"('イクイノックス',)":0.2258388655,"('ジャスティンパレス',)":0.1670291379,"('ラストドラフト',)":0.1696097524,"('ポタジェ',)":0.2025251489,"('タイトルホルダー',)":0.1758844696,"('ボッケリーニ',)":0.2055540482,"('ブレークアップ',)":0.2125257119,"('ディープボンド',)":0.235829183},"('3着',)":{"('アカイイト',)":0.1481677812,"('イズジョーノキセキ',)":0.2279869522,"('ボルドグフーシュ',)":0.1894367312,"('アリストテレス',)":0.1866544434,"('ジェラルディーナ',)":0.1754880597,"('ヴェラアズール',)":0.2072128528,"('エフフォーリア',)":0.2282691355,"('ウインマイティー',)":0.2035594667,"('イクイノックス',)":0.1390121037,"('ジャスティンパレス',)":0.2208688369,"('ラストドラフト',)":0.1552361106,"('ポタジェ',)":0.1967330728,"('タイトルホルダー',)":0.166480949,"('ボッケリーニ',)":0.2064224176,"('ブレークアップ',)":0.2280184245,"('ディープボンド',)":0.1748587135},"('4着',)":{"('アカイイト',)":0.205522435,"('イズジョーノキセキ',)":0.1459977073,"('ボルドグフーシュ',)":0.1512300113,"('アリストテレス',)":0.1724612323,"('ジェラルディーナ',)":0.1543117348,"('ヴェラアズール',)":0.1458801514,"('エフフォーリア',)":0.1743663716,"('ウインマイティー',)":0.1489555249,"('イクイノックス',)":0.0986908712,"('ジャスティンパレス',)":0.1550788472,"('ラストドラフト',)":0.180309589,"('ポタジェ',)":0.1705654325,"('タイトルホルダー',)":0.1687265056,"('ボッケリーニ',)":0.1766861304,"('ブレークアップ',)":0.1254466876,"('ディープボンド',)":0.1385158143},"('5着',)":{"('アカイイト',)":0.1755654242,"('イズジョーノキセキ',)":0.1905857825,"('ボルドグフーシュ',)":0.1253412744,"('アリストテレス',)":0.1657247125,"('ジェラルディーナ',)":0.138374822,"('ヴェラアズール',)":0.1534927831,"('エフフォーリア',)":0.1260967648,"('ウインマイティー',)":0.1787564311,"('イクイノックス',)":0.0935565937,"('ジャスティンパレス',)":0.1615590265,"('ラストドラフト',)":0.2573281139,"('ポタジェ',)":0.1811217205,"('タイトルホルダー',)":0.1774203966,"('ボッケリーニ',)":0.1567437878,"('ブレークアップ',)":0.1546894423,"('ディープボンド',)":0.1089924423},"('その他',)":{"('アカイイト',)":0.124694718,"('イズジョーノキセキ',)":0.0776542425,"('ボルドグフーシュ',)":0.0373988188,"('アリストテレス',)":0.0782414478,"('ジェラルディーナ',)":0.0678597113,"('ヴェラアズール',)":0.0709619482,"('エフフォーリア',)":0.0887839657,"('ウインマイティー',)":0.1169066111,"('イクイノックス',)":0.0228163336,"('ジャスティンパレス',)":0.0915489807,"('ラストドラフト',)":0.1244691555,"('ポタジェ',)":0.07896808,"('タイトルホルダー',)":0.0957363789,"('ボッケリーニ',)":0.1107540046,"('ブレークアップ',)":0.0627370785,"('ディープボンド',)":0.040770809}}